ApplicantIncome,CoapplicantIncome,LoanAmount,Gender,Married,Dependents,Education,Self_Employed,Credit_History,Property_Area,Loan_Amount_Term,predictions
0.05843763051565227,-0.5281270610581298,0.0,1.0,0.0,0.0,0.0,0.0,1.0,2.0,8.0,1.0
-0.15516452022122035,-0.05307725084654133,-0.24043172736322863,1.0,1.0,1.0,0.0,0.0,1.0,0.0,8.0,0.0
-0.4222515696813068,-0.5281270610581298,-0.9597972024061106,1.0,1.0,0.0,0.0,1.0,1.0,2.0,8.0,1.0
-0.49260867620364157,0.21468955199155557,-0.333253078981665,1.0,1.0,0.0,1.0,0.0,1.0,2.0,8.0,1.0
0.08391466429232507,-0.5281270610581298,-0.08959703098326953,1.0,0.0,0.0,0.0,0.0,1.0,2.0,8.0,1.0
-0.014450307176550712,0.7936958856579345,1.3723392570071034,1.0,1.0,2.0,0.0,1.0,1.0,2.0,8.0,1.0
-0.5347891957014442,-0.050557092702182775,-0.6233198027892787,1.0,1.0,0.0,1.0,0.0,1.0,2.0,8.0,1.0
-0.41617757487362317,0.26068243812609926,0.10764834120590776,1.0,1.0,3.0,0.0,0.0,0.0,1.0,8.0,0.0
-0.2525171592221489,-0.04740689502173458,0.22367503072895323,1.0,1.0,2.0,0.0,0.0,1.0,2.0,8.0,1.0
1.2381423998301968,2.9270097548574547,2.323758111096076,1.0,1.0,1.0,0.0,0.0,1.0,1.0,8.0,0.0
-0.38850715408306463,-0.3076132234267558,-0.9133865265968923,1.0,1.0,2.0,0.0,0.0,1.0,2.0,8.0,1.0
-0.506612608676912,0.051509312144338876,-0.460882437457015,1.0,1.0,2.0,0.0,0.0,1.0,2.0,8.0,1.0
-0.4099348579879484,2.0254231787131802,0.5949604372026988,1.0,1.0,2.0,0.0,0.0,1.0,2.0,8.0,1.0
-0.6157757931372253,0.36652908018915875,-0.40286909269549226,1.0,0.0,0.0,0.0,0.0,1.0,0.0,8.0,1.0
-0.709247824344356,-0.18601559296145534,-1.5283279810690333,1.0,1.0,2.0,0.0,0.0,1.0,2.0,4.0,1.0
-0.09324351759844607,-0.5281270610581298,-0.27523973422014225,1.0,0.0,0.0,0.0,0.0,1.0,2.0,8.0,1.0
-0.3216932111985452,-0.5281270610581298,-0.5653064580277559,1.0,0.0,1.0,1.0,0.0,1.0,2.0,6.0,1.0
-0.33620330990578934,-0.5281270610581298,-0.843770512883065,0.0,0.0,0.0,0.0,0.0,0.0,2.0,8.0,0.0
-0.10387300851189234,-0.5281270610581298,-0.1824183826017059,1.0,1.0,0.0,1.0,0.0,1.0,0.0,8.0,0.0
-0.48974040087779097,0.5744421270987399,-0.39126642374318776,1.0,1.0,0.0,0.0,0.0,1.0,2.0,8.0,1.0
0.3639933137577347,-0.5281270610581298,-0.5188957822185377,1.0,1.0,0.0,1.0,0.0,0.0,2.0,8.0,0.0
0.07632217078272059,1.2438591341939822,1.9292673667177216,1.0,1.0,1.0,0.0,0.0,1.0,2.0,8.0,1.0
-0.48974040087779097,0.07387571567552109,-0.3796637547908832,1.0,1.0,0.0,1.0,0.0,0.0,1.0,8.0,0.0
-0.36066801121451486,0.07576583428379001,-0.42607443060010136,1.0,1.0,2.0,1.0,0.0,0.0,0.0,8.0,0.0
-0.30127783976160877,0.39330576047296845,0.026429658539775934,1.0,1.0,1.0,0.0,0.0,1.0,1.0,8.0,1.0
0.6845652619410348,-0.5281270610581298,0.4905364166319578,1.0,1.0,0.0,0.0,1.0,1.0,1.0,8.0,1.0
-0.4561647073575401,0.1816124763468495,-0.3100477410770559,1.0,1.0,0.0,0.0,0.0,1.0,1.0,8.0,1.0
-0.21539830206408256,-0.20050650229151704,-0.44927976850471046,1.0,1.0,2.0,1.0,0.0,1.0,2.0,8.0,1.0
-0.6851205671916129,-0.5281270610581298,-1.3194799399275514,1.0,0.0,0.0,1.0,0.0,1.0,2.0,8.0,0.0
-0.2957100111878988,0.1280591157792301,-0.333253078981665,0.0,0.0,2.0,0.0,0.0,1.0,1.0,8.0,1.0
-0.2255216267435552,0.5331745374848685,0.6065631061550033,1.0,1.0,1.0,0.0,0.0,1.0,2.0,8.0,1.0
-0.3940749826567746,-0.5281270610581298,-0.8669758507876741,1.0,0.0,0.0,0.0,0.0,1.0,2.0,8.0,0.0
-0.1367738137201784,-0.5281270610581298,-0.49569044431392867,1.0,0.0,1.0,0.0,1.0,1.0,0.0,8.0,0.0
-0.33789053068570146,-0.0029891077274149694,-0.40286909269549226,1.0,1.0,0.0,0.0,0.0,1.0,1.0,8.0,1.0
1.1806081712351941,0.41693224307633,1.9872807114792443,1.0,0.0,3.0,0.0,0.0,1.0,0.0,8.0,0.0
-0.5445750762249344,0.12301879949051299,0.0,1.0,1.0,0.0,0.0,0.0,1.0,2.0,8.0,1.0
-0.6199938450870056,-0.10915076955851927,-0.5653064580277559,1.0,1.0,0.0,0.0,0.0,0.0,2.0,8.0,0.0
-0.3097139436611693,-0.0685132194807375,-0.05478902412635589,0.0,1.0,0.0,0.0,0.0,1.0,1.0,8.0,1.0
-0.2255216267435552,1.7431654665450216,0.409317733965826,1.0,0.0,0.0,0.0,0.0,1.0,2.0,8.0,1.0
-0.2960474553438812,-0.002674087959370149,-0.44927976850471046,1.0,0.0,0.0,1.0,0.0,1.0,1.0,8.0,1.0
-0.3210183228865804,-0.5281270610581298,-0.7973598370738468,1.0,0.0,0.0,0.0,0.0,1.0,2.0,8.0,0.0
-0.6247180632707595,-0.1460080824197632,-1.1802479124998968,1.0,0.0,0.0,0.0,0.0,1.0,2.0,8.0,1.0
-0.5234848164760331,-0.5281270610581298,-0.8553731818353696,1.0,1.0,0.0,0.0,0.0,1.0,2.0,8.0,1.0
-0.2634840942915776,0.20775911709456954,-0.17081571364940135,1.0,1.0,0.0,0.0,0.0,1.0,1.0,8.0,1.0
-0.13626764748620476,-0.5281270610581298,-0.6117171338369741,1.0,1.0,0.0,1.0,1.0,1.0,2.0,8.0,1.0
-0.3530755177049104,-0.5281270610581298,-0.7045384854554105,0.0,0.0,0.0,0.0,0.0,1.0,2.0,8.0,1.0
0.02469321491741015,-0.5281270610581298,-1.2150559193568105,1.0,1.0,1.0,0.0,0.0,1.0,2.0,8.0,1.0
0.05371341233189837,-0.5281270610581298,-0.05478902412635589,1.0,1.0,0.0,0.0,0.0,1.0,2.0,8.0,1.0
-0.4821479073681865,0.5555409410160507,-0.333253078981665,0.0,1.0,0.0,0.0,0.0,0.0,2.0,8.0,0.0
-0.25352949169009614,0.18854291124383551,-0.05478902412635589,0.0,0.0,0.0,0.0,0.0,1.0,1.0,8.0,1.0
-0.6031216372878845,-0.010234562392445827,-0.5653064580277559,0.0,1.0,0.0,1.0,0.0,1.0,1.0,8.0,1.0
-0.40774147097406266,-0.5281270610581298,-0.333253078981665,0.0,0.0,0.0,0.0,0.0,1.0,1.0,8.0,1.0
-0.2147234137521177,-0.5281270610581298,-0.42607443060010136,0.0,0.0,0.0,0.0,0.0,1.0,1.0,8.0,1.0
-0.1495966916475104,-0.5281270610581298,-0.17081571364940135,1.0,1.0,2.0,0.0,0.0,1.0,2.0,8.0,1.0
1.0118860932439835,-0.5281270610581298,1.5927899671008896,0.0,1.0,1.0,0.0,1.0,0.0,2.0,8.0,0.0
-0.47151841645474024,-0.1604989917498249,-0.6001144648846696,1.0,1.0,2.0,0.0,0.0,1.0,1.0,8.0,1.0
-0.5687023333776776,-0.02693061009882128,-0.6117171338369741,1.0,1.0,0.0,0.0,0.0,1.0,1.0,8.0,1.0
-0.3604992891365237,0.16491642864047404,-0.1592130446970968,1.0,1.0,0.0,0.0,0.0,1.0,0.0,8.0,1.0
0.43485658651404313,0.18066741704271502,0.3629070581566078,1.0,1.0,1.0,0.0,0.0,1.0,2.0,8.0,1.0
-0.36201778783844457,0.37251445578201037,-0.05478902412635589,1.0,1.0,2.0,1.0,0.0,1.0,2.0,8.0,1.0
-0.506612608676912,0.6676879784400065,-0.333253078981665,1.0,1.0,0.0,0.0,0.0,1.0,2.0,8.0,1.0
-0.41735862941956164,-0.5281270610581298,-0.5769091269800605,1.0,1.0,3.0,0.0,0.0,1.0,2.0,8.0,1.0
-0.4882219021758701,0.5583761189284541,0.18886702387203957,1.0,1.0,0.0,1.0,1.0,0.0,0.0,5.0,0.0
-0.09408712798840212,-0.5281270610581298,0.0,1.0,1.0,1.0,0.0,0.0,0.0,0.0,8.0,0.0
-0.2255216267435552,-0.5281270610581298,-0.3796637547908832,0.0,0.0,0.0,0.0,0.0,0.0,1.0,8.0,0.0
0.037684814922733366,0.9193887731078176,1.2679152364363624,1.0,1.0,0.0,0.0,0.0,1.0,1.0,8.0,1.0
-0.38850715408306463,0.1819274961148943,-0.2636370652678377,1.0,0.0,0.0,1.0,0.0,0.0,2.0,5.0,0.0
0.8853445347505755,-0.5281270610581298,1.894459359860808,1.0,1.0,1.0,0.0,0.0,1.0,2.0,8.0,1.0
0.26950895008265674,-0.5281270610581298,-0.27523973422014225,1.0,1.0,3.0,1.0,1.0,1.0,2.0,2.0,1.0
-0.20291286829273297,-0.5281270610581298,-0.14761037574479227,0.0,0.0,0.0,0.0,0.0,0.0,1.0,8.0,0.0
-0.3871573774591349,0.43772354776728806,0.27008570653817143,1.0,1.0,0.0,0.0,0.0,1.0,2.0,8.0,1.0
-0.6120639074214187,0.06253500402590757,-0.6001144648846696,1.0,1.0,2.0,1.0,1.0,1.0,1.0,8.0,1.0
-0.33789053068570146,-0.5281270610581298,-0.7857571681215423,1.0,0.0,0.0,0.0,0.0,1.0,1.0,7.0,1.0
-0.12614432280673213,-0.5281270610581298,-0.6233198027892787,1.0,1.0,3.0,1.0,0.0,0.0,1.0,8.0,0.0
-0.03992734095322351,0.03071800745338076,0.4441257408227396,1.0,1.0,3.0,0.0,1.0,1.0,1.0,8.0,1.0
-0.2957100111878988,-0.5281270610581298,-0.4144717616477968,1.0,0.0,0.0,0.0,0.0,1.0,2.0,9.0,0.0
-0.2957100111878988,0.9682168371547647,0.3164963823473896,1.0,0.0,0.0,0.0,0.0,1.0,2.0,8.0,1.0
-0.759695725663728,0.423862677973316,-0.44927976850471046,1.0,1.0,1.0,0.0,1.0,1.0,2.0,8.0,1.0
-0.3940749826567746,0.7319520111211498,0.3629070581566078,1.0,1.0,3.0,0.0,0.0,0.0,1.0,7.0,0.0
-0.36606711771023365,0.15420575652695015,-0.21722638945861955,1.0,1.0,3.0,1.0,1.0,1.0,1.0,8.0,1.0
-0.27951269170074255,-0.5281270610581298,-0.4376770995524059,0.0,0.0,0.0,0.0,0.0,1.0,1.0,8.0,1.0
-0.5243284268659891,-0.5281270610581298,0.0,1.0,1.0,1.0,0.0,1.0,1.0,1.0,8.0,1.0
-0.6959187801830503,0.06442512263417649,0.21207236177664868,0.0,1.0,2.0,0.0,0.0,1.0,2.0,8.0,1.0
0.08391466429232507,0.18066741704271502,1.3491339191024943,1.0,1.0,0.0,0.0,0.0,1.0,1.0,8.0,0.0
-0.2555541566259907,-0.5281270610581298,-1.1454399056429831,1.0,1.0,1.0,0.0,0.0,1.0,2.0,6.0,1.0
-0.5292213671277343,0.2691879718633094,-0.14761037574479227,1.0,0.0,0.0,0.0,0.0,1.0,1.0,8.0,1.0
-0.36606711771023365,0.10191247503151006,-0.5769091269800605,1.0,1.0,2.0,1.0,0.0,1.0,1.0,8.0,1.0
-0.506612608676912,0.1390848076607988,-0.5188957822185377,1.0,1.0,0.0,0.0,0.0,1.0,1.0,8.0,1.0
0.5168555164177715,-0.5281270610581298,0.7109871267257442,1.0,0.0,0.0,0.0,0.0,1.0,2.0,8.0,1.0
0.032454430505005835,0.7845603123846348,0.30489371339508503,1.0,1.0,0.0,0.0,0.0,1.0,1.0,8.0,1.0
-0.4293378969569376,0.38543026627184795,-0.205623720506315,1.0,1.0,0.0,0.0,0.0,1.0,1.0,8.0,1.0
0.1260951837901277,1.2529947074672818,0.45572840977504414,1.0,1.0,2.0,0.0,0.0,1.0,1.0,5.0,1.0
-0.3761904423897063,0.04520891678344247,-0.7857571681215423,1.0,1.0,2.0,1.0,0.0,1.0,2.0,8.0,1.0
-0.23108945531726513,-0.5281270610581298,-0.3100477410770559,1.0,0.0,0.0,0.0,0.0,1.0,1.0,8.0,1.0
-0.3176438813267562,-0.5281270610581298,-1.435506629450597,1.0,0.0,0.0,1.0,0.0,1.0,1.0,4.0,1.0
0.21585532928145176,-0.5281270610581298,0.0,1.0,0.0,0.0,0.0,0.0,1.0,2.0,8.0,1.0
-0.5093121619247715,0.19704844498104565,-0.13600770679248772,0.0,1.0,0.0,0.0,0.0,1.0,1.0,8.0,1.0
-0.5948542554663152,-0.2140523523174443,-1.1454399056429831,1.0,1.0,0.0,0.0,0.0,1.0,1.0,8.0,1.0
-0.22180974102774856,-0.5281270610581298,-0.39126642374318776,1.0,1.0,0.0,1.0,0.0,1.0,1.0,5.0,1.0
-0.6316356684683991,0.5873579375885775,-0.205623720506315,1.0,1.0,0.0,0.0,0.0,1.0,1.0,8.0,1.0
-0.20493753322862748,0.4997824420721176,-0.1824183826017059,1.0,1.0,2.0,1.0,0.0,1.0,2.0,5.0,1.0
-0.1112967799435056,0.6708381761204547,0.026429658539775934,1.0,0.0,0.0,0.0,0.0,1.0,1.0,8.0,1.0
1.3746385609250862,-0.5281270610581298,0.0,1.0,1.0,0.0,0.0,0.0,1.0,2.0,8.0,1.0
-0.14352269683982682,0.60058876784646,0.0,1.0,1.0,0.0,0.0,0.0,1.0,1.0,8.0,1.0
-0.28457435404047887,-0.2906021559523355,0.13085367911051685,1.0,1.0,0.0,0.0,0.0,1.0,2.0,8.0,1.0
-0.4134780216257638,-0.20365669997196525,-0.5653064580277559,1.0,1.0,1.0,0.0,0.0,1.0,2.0,8.0,1.0
0.9978821607707129,-0.17341480223966252,0.8850271610103124,1.0,1.0,2.0,0.0,0.0,1.0,2.0,8.0,1.0
0.3088211942546088,-0.5281270610581298,-0.333253078981665,1.0,0.0,0.0,1.0,0.0,1.0,0.0,8.0,0.0
-0.2872739072883383,0.6059441039032218,0.7806031404395715,1.0,1.0,2.0,0.0,0.0,0.0,2.0,8.0,0.0
-0.5789943801351414,-0.2906021559523355,-0.6349224717415832,1.0,1.0,3.0,1.0,0.0,1.0,1.0,9.0,1.0
-0.03149123705366298,-0.5281270610581298,-0.14761037574479227,1.0,0.0,0.0,0.0,0.0,1.0,2.0,8.0,1.0
-0.4342308372186827,0.20681405779043507,-0.11280236888787862,0.0,1.0,0.0,0.0,0.0,1.0,1.0,8.0,1.0
-0.3257425410703343,0.7678642646782592,0.03803232749208048,1.0,1.0,0.0,1.0,0.0,0.0,0.0,8.0,0.0
0.32873039945757165,-0.5281270610581298,0.0,0.0,0.0,1.0,0.0,1.0,1.0,1.0,8.0,1.0
-0.07637130979932501,-0.5281270610581298,-0.3564584168862741,1.0,0.0,0.0,0.0,0.0,1.0,1.0,8.0,1.0
1.532056259690886,-0.5281270610581298,0.4209204029181305,1.0,1.0,1.0,0.0,0.0,1.0,0.0,5.0,1.0
-0.3940749826567746,0.1910630693881941,0.061237665396689574,0.0,1.0,0.0,0.0,0.0,1.0,1.0,8.0,1.0
-0.5548671229823983,-0.08772942533147152,-0.7393464923123241,1.0,1.0,1.0,0.0,0.0,1.0,2.0,8.0,1.0
0.01102672660012209,0.14664528209387448,0.30489371339508503,1.0,1.0,0.0,0.0,0.0,1.0,0.0,8.0,1.0
0.8276415840775815,-0.5281270610581298,1.279517905388667,0.0,0.0,0.0,0.0,0.0,1.0,2.0,8.0,1.0
0.02773021232125194,0.31203066031740495,0.3629070581566078,1.0,1.0,0.0,0.0,0.0,1.0,0.0,8.0,1.0
-0.2255216267435552,-0.5281270610581298,-1.2150559193568105,0.0,0.0,0.0,0.0,0.0,1.0,1.0,8.0,1.0
-0.5678587229877216,2.300750455984353,-0.13600770679248772,0.0,0.0,0.0,0.0,0.0,0.0,1.0,8.0,0.0
-0.4295066190349288,-0.5281270610581298,-0.7857571681215423,1.0,1.0,2.0,0.0,0.0,1.0,1.0,8.0,1.0
-0.20291286829273297,0.10632275178413754,0.5253444234888714,1.0,1.0,0.0,1.0,0.0,1.0,0.0,8.0,1.0
-0.305495891711389,-0.5281270610581298,-0.6465251406938878,0.0,0.0,0.0,0.0,0.0,1.0,0.0,8.0,1.0
3.0876738187698476,-0.5281270610581298,2.5674141590944717,1.0,1.0,3.0,0.0,0.0,1.0,0.0,8.0,1.0
-0.2763069722189096,-0.011494641464625106,0.0,1.0,0.0,0.0,0.0,0.0,1.0,0.0,8.0,1.0
0.8453574022666586,0.6846990459144268,0.13085367911051685,1.0,1.0,1.0,0.0,1.0,0.0,2.0,5.0,0.0
0.09741243053162192,0.28115872304901257,0.3861123960612169,1.0,1.0,0.0,0.0,0.0,1.0,0.0,8.0,0.0
2.474031621115815,-0.5281270610581298,5.816161465739745,1.0,0.0,0.0,0.0,1.0,1.0,2.0,9.0,0.0
-0.5886115385806404,0.07954607150032784,-0.8669758507876741,1.0,0.0,0.0,0.0,0.0,1.0,2.0,8.0,1.0
-0.4698311956748282,-0.5281270610581298,-0.9133865265968923,1.0,0.0,0.0,0.0,0.0,1.0,1.0,8.0,1.0
-0.3448081358833411,-0.5281270610581298,-1.435506629450597,1.0,1.0,0.0,0.0,1.0,1.0,1.0,4.0,1.0
-0.10252323188796265,-0.5281270610581298,-0.5421011201231468,1.0,0.0,0.0,0.0,0.0,1.0,1.0,8.0,1.0
-0.25352949169009614,1.9132761412892243,1.6392006429101078,1.0,1.0,3.0,0.0,0.0,1.0,1.0,8.0,1.0
-0.15516452022122035,-0.5281270610581298,-0.7509491612646286,0.0,1.0,0.0,0.0,0.0,1.0,0.0,8.0,0.0
-0.3689353930360842,0.5744421270987399,-0.7045384854554105,1.0,1.0,2.0,0.0,1.0,1.0,2.0,8.0,1.0
1.6022446441352296,-0.5281270610581298,1.0822725331994896,1.0,0.0,0.0,0.0,0.0,0.0,1.0,8.0,0.0
-0.21978507609185402,-0.07764879275403729,-0.22882905841092407,1.0,1.0,2.0,1.0,0.0,1.0,0.0,8.0,0.0
-0.07772108642325469,0.1280591157792301,0.4209204029181305,1.0,1.0,2.0,0.0,0.0,1.0,0.0,8.0,1.0
-0.014450307176550712,-0.5281270610581298,0.22367503072895323,1.0,0.0,0.0,0.0,0.0,1.0,2.0,8.0,1.0
0.24420063838397515,-0.5281270610581298,0.30489371339508503,1.0,0.0,0.0,0.0,1.0,1.0,1.0,5.0,1.0
-0.47320563723465237,0.11262314714503394,-0.3100477410770559,1.0,1.0,0.0,0.0,0.0,1.0,1.0,8.0,1.0
1.0552476672877245,-0.5281270610581298,0.4441257408227396,1.0,1.0,2.0,0.0,0.0,1.0,2.0,5.0,1.0
-0.5352953619354178,0.8850516183909323,-0.5653064580277559,0.0,1.0,0.0,0.0,0.0,1.0,1.0,8.0,1.0
1.5798046077623984,-0.5281270610581298,-0.9133865265968923,0.0,1.0,2.0,0.0,0.0,1.0,2.0,8.0,1.0
-0.6689232477044567,-0.07922389159426138,-1.3774932846890742,1.0,1.0,1.0,0.0,0.0,1.0,2.0,8.0,1.0
0.7588029762571675,-0.003304127495459789,0.8850271610103124,0.0,0.0,0.0,0.0,0.0,1.0,0.0,8.0,0.0
-0.10842850461765502,-0.2666606535809292,-0.27523973422014225,1.0,1.0,0.0,0.0,0.0,1.0,1.0,8.0,1.0
0.1306506798958904,-0.5281270610581298,-0.3564584168862741,1.0,0.0,0.0,0.0,0.0,0.0,0.0,8.0,0.0
-0.49362100867158887,0.6531970691099448,0.03803232749208048,1.0,1.0,0.0,0.0,1.0,1.0,0.0,8.0,1.0
0.6180887632124978,-0.5281270610581298,1.1054778711040987,1.0,0.0,0.0,0.0,0.0,1.0,2.0,8.0,1.0
-0.5435627437569872,-0.5281270610581298,-0.4144717616477968,1.0,1.0,2.0,1.0,0.0,1.0,0.0,8.0,1.0
-0.37939616187153924,-0.5281270610581298,-1.1454399056429831,1.0,0.0,0.0,0.0,0.0,1.0,2.0,8.0,1.0
5.8202965939154945,-0.5281270610581298,5.236028018124517,1.0,1.0,3.0,0.0,0.0,0.0,1.0,5.0,0.0
0.08391466429232507,-0.5281270610581298,0.13085367911051685,1.0,1.0,1.0,0.0,0.0,1.0,0.0,8.0,1.0
0.6808533762252282,-0.5281270610581298,0.4441257408227396,1.0,1.0,1.0,0.0,0.0,1.0,2.0,8.0,1.0
-0.425626011241131,0.1280591157792301,-0.333253078981665,1.0,0.0,0.0,0.0,0.0,1.0,0.0,8.0,1.0
-0.15516452022122035,1.2438591341939822,1.2331072295794487,1.0,1.0,0.0,0.0,0.0,1.0,1.0,8.0,1.0
-0.6140885723573132,-0.20019148252347221,-0.588511795932365,1.0,1.0,0.0,1.0,0.0,1.0,1.0,8.0,1.0
0.4100544410493352,-0.5281270610581298,1.4651606086255398,1.0,1.0,0.0,0.0,0.0,1.0,2.0,8.0,1.0
-0.407235304740089,-0.12490175796076027,-0.32165041002936046,1.0,1.0,1.0,0.0,0.0,0.0,1.0,8.0,0.0
-0.22535290466556399,-0.07229345669727534,0.10764834120590776,1.0,1.0,2.0,0.0,0.0,1.0,0.0,8.0,1.0
0.6445781294571179,-0.5281270610581298,-0.8553731818353696,1.0,1.0,0.0,0.0,0.0,1.0,2.0,5.0,1.0
-0.30296506054152084,0.46922552457177,0.3861123960612169,1.0,1.0,0.0,0.0,0.0,1.0,0.0,8.0,1.0
-0.15516452022122035,-0.5281270610581298,-0.42607443060010136,0.0,1.0,0.0,0.0,0.0,1.0,0.0,8.0,0.0
-0.5169046554343759,0.521833825835255,-0.22882905841092407,1.0,1.0,0.0,0.0,0.0,1.0,0.0,8.0,1.0
-0.5509865151886004,-0.5281270610581298,-0.9946052092630242,1.0,0.0,0.0,0.0,0.0,0.0,1.0,9.0,0.0
0.4213588202747463,-0.5281270610581298,0.5949604372026988,1.0,1.0,2.0,0.0,0.0,1.0,1.0,8.0,1.0
-0.6213436217109353,0.02914290861315666,-0.6233198027892787,1.0,1.0,0.0,1.0,0.0,1.0,0.0,8.0,1.0
7.8051431194040966,-0.5281270610581298,6.396294913354971,1.0,1.0,3.0,0.0,0.0,1.0,2.0,7.0,1.0
-0.3341786449698948,-0.5281270610581298,-0.7857571681215423,1.0,1.0,3.0,1.0,0.0,1.0,0.0,5.0,0.0
0.03464781751889157,1.2438591341939822,0.4441257408227396,1.0,1.0,0.0,0.0,0.0,1.0,1.0,8.0,1.0
-0.1954890968611197,-0.2962725117771423,-0.7161411544077151,1.0,1.0,0.0,1.0,1.0,1.0,1.0,8.0,1.0
-0.33839669691967506,0.09057176338189654,-0.3796637547908832,1.0,1.0,0.0,0.0,0.0,1.0,0.0,8.0,1.0
-0.5833811541629129,-0.018110056593566324,-0.5537037890754514,1.0,1.0,2.0,0.0,0.0,1.0,0.0,8.0,1.0
0.002253178544579137,3.031596317848335,4.01774777813254,1.0,1.0,3.0,0.0,0.0,0.0,1.0,8.0,0.0
-0.2957100111878988,-0.5281270610581298,-0.3796637547908832,1.0,1.0,1.0,0.0,0.0,1.0,1.0,8.0,1.0
-0.5347891957014442,-0.07103337762509607,-0.5421011201231468,1.0,0.0,0.0,1.0,0.0,0.0,2.0,9.0,0.0
0.15140349548880933,1.7557662572668145,0.3629070581566078,1.0,1.0,1.0,0.0,0.0,0.0,2.0,8.0,0.0
-0.6051463022237791,1.0668180245527934,-0.948194533453806,1.0,0.0,0.0,0.0,0.0,1.0,0.0,8.0,1.0
-0.15229624489536978,-0.5281270610581298,-0.8785785197399787,1.0,1.0,0.0,0.0,0.0,1.0,1.0,5.0,1.0
4.782149648035576,-0.5281270610581298,1.2911205743409715,1.0,1.0,1.0,0.0,0.0,1.0,1.0,8.0,1.0
-0.31680027093680013,-0.5281270610581298,-0.47248510640931957,0.0,1.0,0.0,0.0,0.0,1.0,1.0,8.0,1.0
5.6765453834669835,0.9682168371547647,-0.333253078981665,1.0,1.0,0.0,0.0,1.0,1.0,1.0,8.0,1.0
-0.5609411177900818,-0.5281270610581298,-0.9597972024061106,1.0,1.0,1.0,0.0,1.0,0.0,0.0,7.0,0.0
-0.5263530918018837,0.1453852030216952,-1.052618554024547,1.0,1.0,0.0,0.0,0.0,1.0,0.0,8.0,1.0
-0.8146991230888626,1.1402176305072365,0.22367503072895323,1.0,1.0,0.0,0.0,1.0,1.0,0.0,8.0,1.0
0.645421739847074,-0.5281270610581298,0.45572840977504414,1.0,1.0,0.0,0.0,0.0,1.0,0.0,5.0,1.0
-0.10421045266787475,-0.5281270610581298,-1.1686452435475922,1.0,0.0,0.0,1.0,0.0,1.0,0.0,8.0,0.0
1.0962471322395888,-0.5281270610581298,0.17726435491973505,1.0,0.0,0.0,0.0,0.0,1.0,1.0,8.0,1.0
0.08948249286603502,-0.5281270610581298,0.13085367911051685,1.0,1.0,0.0,1.0,0.0,1.0,2.0,8.0,1.0
-0.2774880267648481,-0.5281270610581298,-0.843770512883065,1.0,0.0,0.0,0.0,0.0,1.0,1.0,8.0,1.0
-0.2213035747937749,-0.5281270610581298,-0.333253078981665,1.0,0.0,0.0,0.0,0.0,1.0,0.0,8.0,1.0
-0.40116130993240545,0.2855689998016401,0.24688036863356233,1.0,1.0,1.0,0.0,0.0,1.0,1.0,8.0,1.0
0.47754327224581944,0.6531970691099448,0.4441257408227396,1.0,0.0,0.0,0.0,0.0,1.0,0.0,8.0,1.0
-0.6066648009257,0.21689469036786932,-0.333253078981665,0.0,0.0,0.0,1.0,0.0,1.0,2.0,8.0,1.0
-0.3520631852369631,0.3589686057560831,-0.4144717616477968,0.0,1.0,0.0,0.0,0.0,1.0,1.0,8.0,1.0
0.9275250542483782,-0.5281270610581298,-0.7625518302169332,1.0,0.0,0.0,0.0,1.0,1.0,2.0,8.0,0.0
-0.48974040087779097,0.25942235905392,-0.6813331475508014,1.0,1.0,1.0,1.0,0.0,1.0,1.0,8.0,1.0
-0.09779901370420875,-0.5281270610581298,0.20046969282434413,1.0,0.0,2.0,0.0,0.0,0.0,1.0,8.0,0.0
-0.25487926831402585,-0.5281270610581298,0.0,1.0,1.0,3.0,1.0,0.0,1.0,2.0,5.0,0.0
-0.33789053068570146,-0.18696065226558978,-0.1592130446970968,1.0,1.0,1.0,1.0,0.0,1.0,2.0,8.0,1.0
-0.2675334241633666,-0.5281270610581298,-0.2868424031724468,1.0,1.0,2.0,1.0,0.0,1.0,1.0,8.0,1.0
-0.18469088386968222,-0.5281270610581298,-0.333253078981665,0.0,0.0,0.0,1.0,0.0,1.0,1.0,8.0,1.0
-0.38108338265145136,-0.5281270610581298,-0.7973598370738468,0.0,0.0,0.0,0.0,0.0,1.0,2.0,8.0,1.0
-0.2577475436398764,0.2691879718633094,-1.0874265608814606,1.0,0.0,0.0,1.0,0.0,1.0,0.0,8.0,1.0
-0.5101557723147275,-0.5281270610581298,-1.0410158850722424,1.0,0.0,0.0,0.0,0.0,1.0,2.0,8.0,0.0
-0.3517257410809807,-0.5281270610581298,-0.2520343963155332,1.0,0.0,0.0,0.0,0.0,1.0,1.0,8.0,1.0
0.7588029762571675,-0.5281270610581298,0.7573978025349624,0.0,0.0,0.0,0.0,0.0,1.0,1.0,8.0,1.0
-0.3497010761450862,-0.13435235100210485,-0.24043172736322863,1.0,1.0,3.0,0.0,0.0,0.0,1.0,8.0,0.0
0.38542101766261844,-0.5281270610581298,1.0590671952948805,1.0,1.0,1.0,0.0,1.0,1.0,2.0,8.0,1.0
0.03380420712893552,-0.5281270610581298,-0.21722638945861955,1.0,1.0,3.0,1.0,1.0,1.0,0.0,8.0,1.0
-0.3930626501888273,0.4235476582052712,-0.13600770679248772,1.0,1.0,0.0,0.0,0.0,1.0,2.0,8.0,1.0
-0.2788378033887777,-0.21846262907007177,-0.5653064580277559,1.0,1.0,3.0,1.0,0.0,1.0,1.0,8.0,1.0
-0.903109491956257,0.038908521422546076,-0.1592130446970968,1.0,1.0,0.0,0.0,0.0,1.0,0.0,8.0,0.0
-0.29959061898169664,0.03103302722142558,-0.205623720506315,1.0,1.0,0.0,0.0,0.0,1.0,1.0,8.0,1.0
-0.08480741369888553,-0.5281270610581298,-0.8901811886922832,1.0,1.0,2.0,0.0,0.0,0.0,1.0,8.0,0.0
-0.20578114361858355,0.22256504619267609,-0.2520343963155332,0.0,1.0,2.0,0.0,0.0,1.0,1.0,8.0,1.0
-0.5536860684364598,-0.5281270610581298,-1.0294132161199379,1.0,1.0,0.0,0.0,0.0,0.0,2.0,8.0,0.0
-0.25201099298817525,0.012761880674826026,-0.3796637547908832,1.0,1.0,2.0,0.0,0.0,1.0,1.0,8.0,1.0
-0.42714450994305186,0.3510931115549626,-0.05478902412635589,1.0,0.0,0.0,0.0,0.0,1.0,1.0,8.0,1.0
0.3501581033624554,-0.20995709533286164,0.30489371339508503,1.0,1.0,0.0,0.0,0.0,1.0,1.0,8.0,1.0
0.1260951837901277,-0.5281270610581298,-0.24043172736322863,1.0,1.0,0.0,0.0,0.0,1.0,1.0,8.0,1.0
-0.3800710501835041,-0.5281270610581298,0.24688036863356233,1.0,1.0,0.0,0.0,0.0,1.0,0.0,8.0,0.0
-0.12951876436655635,-0.5281270610581298,-0.12440503784018317,1.0,1.0,0.0,1.0,1.0,1.0,2.0,8.0,1.0
0.1260951837901277,0.005831445777839988,0.7109871267257442,1.0,1.0,2.0,0.0,0.0,1.0,1.0,8.0,1.0
-0.1256381565727585,-0.5281270610581298,0.10764834120590776,1.0,1.0,0.0,0.0,0.0,1.0,1.0,9.0,1.0
0.15140349548880933,-0.5281270610581298,0.5949604372026988,1.0,0.0,0.0,0.0,1.0,1.0,0.0,8.0,1.0
-0.5081311073788329,0.11892354250593033,-0.5188957822185377,1.0,1.0,1.0,0.0,0.0,1.0,1.0,8.0,1.0
-0.30144656183959995,-0.5281270610581298,-1.2382612572614196,1.0,1.0,0.0,0.0,0.0,1.0,0.0,5.0,0.0
-0.39036309694096794,0.29029429632231235,-0.333253078981665,1.0,0.0,0.0,1.0,0.0,1.0,0.0,8.0,1.0
0.47754327224581944,-0.5281270610581298,1.5231739533870625,0.0,0.0,0.0,0.0,0.0,1.0,1.0,8.0,1.0
-0.39609964759266914,0.03229310629360486,-0.10119969993557408,1.0,1.0,1.0,0.0,0.0,1.0,1.0,8.0,1.0
-0.00044637470328023237,-0.13120215332165666,0.24688036863356233,1.0,1.0,1.0,0.0,0.0,1.0,0.0,8.0,1.0
0.04105925648255758,-0.5281270610581298,1.2331072295794487,1.0,1.0,0.0,0.0,0.0,1.0,2.0,8.0,1.0
-0.34413324757137626,-0.5281270610581298,-0.3100477410770559,0.0,0.0,0.0,0.0,1.0,1.0,2.0,8.0,1.0
-0.28524924235244375,-0.5281270610581298,-0.42607443060010136,0.0,0.0,1.0,0.0,0.0,1.0,0.0,8.0,1.0
-0.3691041151140754,-0.5281270610581298,-0.6117171338369741,1.0,1.0,1.0,0.0,0.0,1.0,1.0,8.0,1.0
0.05337596817591595,1.0469717791659696,-0.333253078981665,1.0,1.0,2.0,0.0,0.0,1.0,0.0,8.0,1.0
-0.5049253878969999,0.09655713897474812,-0.10119969993557408,1.0,1.0,1.0,1.0,0.0,1.0,2.0,5.0,1.0
-0.4281568424109991,1.2678006365653884,0.07284033434899412,1.0,0.0,0.0,0.0,0.0,1.0,2.0,2.0,1.0
0.1260951837901277,-0.11860136259986387,-0.47248510640931957,1.0,1.0,2.0,0.0,1.0,1.0,0.0,8.0,1.0
-0.35375040601687524,0.8633152543958397,-0.29844507212475135,1.0,1.0,0.0,1.0,0.0,1.0,1.0,8.0,1.0
0.0923507681918856,0.8368535938800749,-0.333253078981665,1.0,0.0,0.0,0.0,1.0,1.0,2.0,5.0,1.0
0.708692519093778,-0.5281270610581298,-0.42607443060010136,1.0,1.0,2.0,0.0,0.0,1.0,2.0,8.0,1.0
0.18649768771098113,-0.5281270610581298,-0.13600770679248772,1.0,1.0,1.0,1.0,0.0,1.0,2.0,5.0,1.0
-0.4421607748842696,0.052454371448473334,-0.29844507212475135,1.0,1.0,1.0,0.0,0.0,1.0,1.0,9.0,1.0
-0.6231995645688386,0.060329865649593827,-0.6813331475508014,1.0,1.0,0.0,0.0,0.0,1.0,2.0,8.0,1.0
-0.6469893775655993,0.6972998366362196,0.6065631061550033,1.0,1.0,0.0,1.0,0.0,0.0,1.0,8.0,0.0
-0.3502072423790598,-0.5281270610581298,-0.12440503784018317,0.0,0.0,2.0,0.0,0.0,1.0,2.0,8.0,1.0
-0.49260867620364157,0.15452077629499497,-0.5188957822185377,1.0,0.0,0.0,1.0,1.0,1.0,0.0,8.0,1.0
-0.47944835412032716,1.7088283118281362,1.511571284434758,1.0,1.0,1.0,1.0,0.0,1.0,1.0,5.0,1.0
1.813315963702234,-0.5281270610581298,0.5021390855842623,1.0,0.0,0.0,0.0,1.0,0.0,2.0,8.0,0.0
-0.40824763720803625,-0.5281270610581298,1.2331072295794487,0.0,0.0,3.0,0.0,0.0,1.0,0.0,8.0,1.0
0.09150715780192956,-0.5281270610581298,-0.39126642374318776,1.0,0.0,0.0,1.0,0.0,0.0,0.0,8.0,0.0
-0.042626894201082885,-0.5281270610581298,-0.6349224717415832,1.0,1.0,3.0,0.0,0.0,1.0,2.0,8.0,1.0
1.548928467490007,0.13341445183599204,1.8016380082423715,1.0,1.0,0.0,0.0,0.0,1.0,0.0,8.0,0.0
-0.09644923708027907,-0.5281270610581298,-0.24043172736322863,1.0,1.0,3.0,1.0,0.0,1.0,1.0,8.0,1.0
0.09791859676559556,0.8107069531323547,2.1033074010022896,1.0,1.0,1.0,0.0,0.0,1.0,2.0,8.0,1.0
-0.5808503229930447,0.1677516065528774,-0.17081571364940135,1.0,0.0,0.0,0.0,0.0,1.0,1.0,8.0,1.0
-0.3410962501675345,-0.5281270610581298,0.07284033434899412,0.0,0.0,1.0,0.0,0.0,1.0,1.0,1.0,1.0
0.2863811578817778,-0.5281270610581298,-0.333253078981665,0.0,0.0,0.0,0.0,0.0,1.0,0.0,8.0,1.0
-0.056799548752344574,-0.5281270610581298,-0.24043172736322863,1.0,0.0,0.0,0.0,1.0,1.0,1.0,8.0,1.0
-0.23750089428093113,0.5577460793923644,0.026429658539775934,1.0,0.0,0.0,0.0,0.0,1.0,0.0,8.0,1.0
-0.13407426047231905,-0.09119464277996454,0.014826989587471388,1.0,1.0,2.0,0.0,0.0,1.0,1.0,8.0,1.0
-0.197345039719023,0.042373738871039096,0.13085367911051685,1.0,1.0,3.0,0.0,0.0,0.0,2.0,8.0,0.0
-0.3517257410809807,-0.5281270610581298,-0.1592130446970968,0.0,0.0,0.0,0.0,0.0,1.0,0.0,8.0,1.0
-0.4431731073522169,-0.036696222908210695,-0.6813331475508014,0.0,0.0,1.0,0.0,0.0,1.0,2.0,8.0,1.0
-0.38226443719738984,-0.5281270610581298,-1.3774932846890742,0.0,0.0,0.0,0.0,0.0,1.0,2.0,8.0,1.0
0.9521584776350949,-0.5281270610581298,-0.14761037574479227,1.0,1.0,0.0,0.0,0.0,1.0,2.0,8.0,1.0
-0.4504281567058389,0.05686464820110081,-0.2636370652678377,1.0,0.0,0.0,0.0,0.0,1.0,0.0,8.0,1.0
-0.4863659593179668,0.1721618833055049,0.014826989587471388,1.0,1.0,0.0,0.0,0.0,1.0,1.0,8.0,1.0
-0.2704016994892172,-0.5281270610581298,-0.6813331475508014,1.0,1.0,2.0,0.0,0.0,1.0,1.0,8.0,1.0
-0.4644320891791094,0.05213935168042851,-0.39126642374318776,1.0,1.0,1.0,0.0,0.0,1.0,1.0,8.0,1.0
-0.2547105462360346,0.5032476595206106,0.6761791198688305,1.0,1.0,0.0,0.0,0.0,1.0,1.0,8.0,1.0
-0.40487319564821206,-0.11860136259986387,-0.7973598370738468,1.0,1.0,0.0,0.0,0.0,1.0,2.0,8.0,1.0
1.532056259690886,-0.5281270610581298,3.333190309946571,1.0,1.0,0.0,0.0,0.0,1.0,1.0,8.0,1.0
-0.2366572838909751,-0.5281270610581298,-0.2868424031724468,0.0,1.0,0.0,1.0,0.0,1.0,0.0,8.0,1.0
-0.24458722155656198,0.23611089621860334,0.10764834120590776,1.0,0.0,1.0,1.0,1.0,0.0,2.0,8.0,0.0
-0.2658462033834545,-0.2761112466222738,-0.42607443060010136,1.0,1.0,0.0,0.0,0.0,1.0,1.0,8.0,1.0
-0.540188302197163,-0.21758057756278743,-0.8205651749784559,1.0,1.0,2.0,0.0,0.0,1.0,2.0,5.0,1.0
-0.6228621204128562,-0.003304127495459789,-1.0990292298337652,0.0,0.0,0.0,0.0,0.0,1.0,2.0,8.0,1.0
2.5585613821894113,-0.5281270610581298,0.0,1.0,1.0,0.0,0.0,0.0,1.0,0.0,8.0,1.0
-0.3955934813586955,0.43362829078270543,-0.692935816503106,1.0,0.0,0.0,0.0,0.0,1.0,0.0,8.0,1.0
-0.48974040087779097,0.012761880674826026,-0.5769091269800605,0.0,0.0,0.0,0.0,1.0,1.0,1.0,7.0,1.0
-0.3034712267754945,0.10191247503151006,-0.333253078981665,1.0,1.0,0.0,0.0,0.0,1.0,0.0,8.0,1.0
-0.23260795401918602,-0.5281270610581298,-0.39126642374318776,0.0,0.0,0.0,0.0,0.0,1.0,1.0,8.0,1.0
0.6757917138854919,-0.5281270610581298,0.4441257408227396,1.0,0.0,0.0,0.0,0.0,1.0,0.0,8.0,1.0
-0.40959741383196596,0.23296069853815513,-0.11280236888787862,1.0,1.0,0.0,0.0,0.0,1.0,0.0,8.0,1.0
-0.1860406604936119,-0.5281270610581298,-0.2520343963155332,1.0,1.0,2.0,0.0,0.0,0.0,1.0,8.0,0.0
-0.39643709174865155,-0.036696222908210695,-0.17081571364940135,1.0,1.0,2.0,0.0,0.0,1.0,2.0,8.0,1.0
-0.014450307176550712,-0.5281270610581298,-0.06639169307866044,0.0,0.0,0.0,0.0,0.0,0.0,2.0,9.0,0.0
-0.5263530918018837,0.5221488456032998,0.27008570653817143,1.0,1.0,0.0,0.0,0.0,1.0,1.0,8.0,1.0
-0.18334110724575253,-0.13435235100210485,-0.44927976850471046,1.0,1.0,3.0,0.0,0.0,1.0,2.0,8.0,1.0
0.23154648253463436,-0.5281270610581298,0.5949604372026988,1.0,1.0,1.0,0.0,0.0,1.0,1.0,8.0,1.0
-0.14116058774794987,-0.5281270610581298,-0.1592130446970968,0.0,1.0,1.0,0.0,0.0,1.0,2.0,8.0,1.0
-0.08480741369888553,0.2723381695437576,0.026429658539775934,0.0,0.0,0.0,0.0,0.0,1.0,0.0,9.0,0.0
-0.5886115385806404,0.39330576047296845,-0.4144717616477968,1.0,1.0,1.0,0.0,0.0,1.0,2.0,8.0,1.0
-0.6247180632707595,0.39614093838537184,-0.6465251406938878,1.0,1.0,0.0,1.0,0.0,0.0,2.0,8.0,0.0
-0.44334182943020806,0.02315753302030508,-0.5072931132662332,1.0,1.0,0.0,1.0,0.0,1.0,1.0,8.0,1.0
-0.08480741369888553,-0.5281270610581298,-0.19402105155401045,0.0,0.0,0.0,0.0,0.0,1.0,0.0,8.0,1.0
-0.6542444269192214,0.039853580726680535,-0.6117171338369741,1.0,1.0,1.0,0.0,0.0,1.0,2.0,8.0,1.0
-0.25352949169009614,0.25942235905392,-0.10119969993557408,1.0,0.0,0.0,0.0,0.0,1.0,0.0,8.0,1.0
-0.5909736476725174,-0.5281270610581298,0.0,1.0,0.0,0.0,1.0,0.0,1.0,2.0,8.0,0.0
-0.29368534625200426,-0.003304127495459789,-0.1592130446970968,0.0,0.0,0.0,0.0,0.0,1.0,0.0,8.0,1.0
-0.5234848164760331,0.05875476680936973,-0.5188957822185377,0.0,0.0,0.0,0.0,0.0,0.0,2.0,8.0,0.0
2.485336000341226,-0.5281270610581298,3.8437077438479714,1.0,0.0,0.0,0.0,0.0,1.0,0.0,8.0,0.0
0.36517436830367317,-0.5281270610581298,0.4209204029181305,1.0,1.0,2.0,1.0,0.0,1.0,0.0,8.0,1.0
-0.43625550215457726,-0.5281270610581298,-0.7509491612646286,0.0,0.0,0.0,0.0,0.0,1.0,1.0,8.0,1.0
-0.43456828137466513,0.2294954810896621,-0.4376770995524059,1.0,0.0,0.0,1.0,0.0,1.0,1.0,8.0,1.0
-0.5054315541309736,-0.5281270610581298,-1.075823891929156,0.0,0.0,0.0,0.0,0.0,1.0,0.0,8.0,0.0
0.04105925648255758,-0.5281270610581298,-0.05478902412635589,1.0,1.0,2.0,0.0,1.0,1.0,0.0,3.0,1.0
-0.5111681047826747,0.052454371448473334,0.11925101015821231,1.0,1.0,0.0,0.0,0.0,1.0,0.0,8.0,0.0
-0.3549314605628137,-0.011494641464625106,-0.4376770995524059,1.0,1.0,1.0,1.0,0.0,1.0,2.0,5.0,1.0
-0.30127783976160877,-0.5281270610581298,-0.333253078981665,1.0,1.0,2.0,0.0,0.0,1.0,1.0,8.0,1.0
-0.5811877671490272,0.14412512394951593,-0.7045384854554105,1.0,1.0,0.0,0.0,0.0,1.0,2.0,8.0,1.0
-0.33097292548806184,-0.5281270610581298,-0.42607443060010136,0.0,0.0,1.0,0.0,0.0,1.0,1.0,8.0,1.0
0.7588029762571675,-0.5281270610581298,0.07284033434899412,1.0,1.0,1.0,0.0,1.0,1.0,0.0,8.0,1.0
-0.5234848164760331,0.15452077629499497,-0.39126642374318776,1.0,1.0,0.0,0.0,0.0,1.0,1.0,8.0,1.0
-0.19582654101710212,-0.4685883248976588,-0.2868424031724468,1.0,1.0,3.0,0.0,0.0,1.0,1.0,8.0,1.0
-0.32084960080858915,-0.0272456298668661,0.0,1.0,1.0,2.0,1.0,0.0,1.0,0.0,8.0,1.0
-0.3942437047347658,0.41220694655565765,-0.19402105155401045,0.0,0.0,0.0,0.0,0.0,1.0,0.0,8.0,1.0
1.6024133662132207,-0.5281270610581298,1.7552273324331533,1.0,1.0,3.0,0.0,0.0,1.0,0.0,8.0,1.0
0.5337277242168925,1.0416164431092076,2.637030172808299,1.0,1.0,1.0,0.0,1.0,0.0,0.0,8.0,0.0
-0.09881134617215602,-0.5281270610581298,-0.21722638945861955,1.0,0.0,0.0,0.0,0.0,0.0,0.0,8.0,0.0
0.053207246097924744,0.15231563791868125,0.409317733965826,1.0,1.0,0.0,0.0,1.0,1.0,1.0,8.0,1.0
-0.197345039719023,0.24398639041972384,-0.44927976850471046,0.0,1.0,0.0,0.0,0.0,1.0,2.0,8.0,1.0
-0.506612608676912,-0.5281270610581298,-0.948194533453806,0.0,0.0,0.0,0.0,0.0,1.0,2.0,8.0,1.0
-0.18874021374147126,0.03670338304623234,-0.36806108583857866,1.0,0.0,1.0,0.0,0.0,1.0,2.0,8.0,1.0
-0.4332185047507354,-0.5281270610581298,-0.588511795932365,1.0,0.0,0.0,0.0,0.0,1.0,1.0,8.0,1.0
-0.4504281567058389,-0.5281270610581298,-0.9017838576445878,1.0,0.0,0.0,0.0,0.0,1.0,2.0,8.0,0.0
9.757932450074367,-0.5281270610581298,3.959734433371017,1.0,1.0,0.0,0.0,0.0,1.0,2.0,5.0,1.0
0.7306263892326353,0.049304173768025136,0.3861123960612169,1.0,1.0,1.0,0.0,1.0,1.0,2.0,5.0,1.0
5.979153069339947e-05,0.8863116974631116,-0.9133865265968923,1.0,1.0,0.0,0.0,1.0,1.0,1.0,8.0,1.0
-0.042626894201082885,-0.31139346064329365,0.13085367911051685,1.0,1.0,1.0,0.0,0.0,1.0,0.0,8.0,1.0
-0.506612608676912,0.9209638719480417,0.3164963823473896,1.0,1.0,2.0,0.0,1.0,1.0,0.0,8.0,1.0
-0.6196564009310231,-0.5281270610581298,0.0,0.0,0.0,3.0,1.0,0.0,0.0,2.0,8.0,0.0
-0.22653395921150246,-0.5281270610581298,-0.9017838576445878,0.0,0.0,0.0,0.0,0.0,1.0,1.0,8.0,1.0
-0.4818104632122041,-0.028190689171000562,0.28168837549047593,1.0,1.0,3.0,1.0,0.0,1.0,0.0,8.0,1.0
-0.5271967021918398,-0.5281270610581298,-1.1918505814522014,0.0,0.0,0.0,0.0,0.0,1.0,0.0,8.0,0.0
-0.16005746048296546,-0.14096776613104608,0.10764834120590776,1.0,1.0,1.0,1.0,0.0,1.0,2.0,8.0,1.0
-0.3930626501888273,-0.5281270610581298,-0.8669758507876741,1.0,1.0,3.0,1.0,0.0,1.0,1.0,8.0,1.0
-0.49260867620364157,0.2058689984863006,-0.27523973422014225,1.0,1.0,2.0,0.0,0.0,1.0,0.0,8.0,1.0
-0.5067813307549033,0.24619152879603756,0.13085367911051685,1.0,1.0,0.0,0.0,0.0,1.0,1.0,8.0,1.0
-0.3340099228919036,0.4893867897266385,0.03803232749208048,1.0,1.0,0.0,1.0,0.0,0.0,0.0,8.0,0.0
-0.40824763720803625,0.1548357960630398,-0.2636370652678377,1.0,1.0,2.0,1.0,0.0,1.0,2.0,8.0,1.0
0.14009911626339822,0.9156085358912798,1.279517905388667,1.0,1.0,0.0,0.0,0.0,1.0,1.0,8.0,1.0
-0.4855223489280107,1.4407464892219946,0.4441257408227396,1.0,1.0,0.0,0.0,0.0,1.0,0.0,8.0,1.0
0.6040848307392274,-0.5281270610581298,0.919835167867226,1.0,1.0,0.0,0.0,0.0,1.0,1.0,8.0,1.0
0.5479003787681542,0.7845603123846348,1.8480486840515897,1.0,0.0,0.0,0.0,0.0,1.0,0.0,8.0,0.0
-0.4786047437303711,0.1280591157792301,-0.6233198027892787,1.0,1.0,3.0,0.0,0.0,1.0,0.0,8.0,1.0
-0.00044637470328023237,-0.5281270610581298,-0.5072931132662332,0.0,1.0,0.0,0.0,1.0,0.0,0.0,8.0,0.0
-0.5196042086822352,-0.36904207819549567,-0.21722638945861955,0.0,1.0,0.0,0.0,0.0,1.0,1.0,8.0,1.0
-0.2850805202744525,-0.5281270610581298,-0.3796637547908832,0.0,0.0,0.0,0.0,0.0,1.0,2.0,5.0,1.0
0.47754327224581944,0.46954054433981485,0.18886702387203957,1.0,1.0,2.0,0.0,0.0,1.0,0.0,8.0,1.0
-0.2746197514389975,-0.5281270610581298,-0.948194533453806,1.0,1.0,1.0,0.0,0.0,1.0,2.0,8.0,1.0
-0.4222515696813068,-0.003304127495459789,-0.5653064580277559,1.0,1.0,0.0,1.0,0.0,0.0,2.0,9.0,0.0
-0.05663082667435337,0.46954054433981485,0.5949604372026988,1.0,1.0,3.0,0.0,0.0,1.0,1.0,8.0,1.0
-0.1315434293024509,-0.5281270610581298,-0.7857571681215423,0.0,0.0,1.0,0.0,0.0,1.0,1.0,8.0,0.0
-0.08480741369888553,0.6270504283622248,1.0126565194856625,1.0,1.0,2.0,0.0,0.0,1.0,1.0,8.0,1.0
-0.1269879331966882,0.20681405779043507,-0.21722638945861955,1.0,1.0,0.0,0.0,0.0,1.0,2.0,8.0,1.0
-0.420058182667421,0.427327895421809,-0.6233198027892787,1.0,1.0,0.0,0.0,0.0,1.0,2.0,7.0,1.0
0.2226042124011002,-0.5281270610581298,-0.08959703098326953,1.0,0.0,0.0,0.0,1.0,1.0,0.0,8.0,1.0
0.12035863313842657,-0.5281270610581298,-0.1824183826017059,1.0,0.0,0.0,1.0,0.0,1.0,0.0,8.0,0.0
-0.506612608676912,-0.5281270610581298,-0.6117171338369741,1.0,0.0,0.0,0.0,0.0,1.0,1.0,9.0,0.0
-0.06388587602797542,-0.5281270610581298,-0.2868424031724468,1.0,0.0,0.0,0.0,0.0,0.0,0.0,8.0,0.0
0.13874933963946853,-0.5281270610581298,0.30489371339508503,1.0,1.0,1.0,0.0,0.0,1.0,1.0,8.0,1.0
2.400468795111647,1.1307670374658918,4.887947949555381,1.0,1.0,0.0,0.0,0.0,1.0,0.0,8.0,0.0
1.7304734234085495,-0.5281270610581298,-1.0874265608814606,0.0,0.0,0.0,0.0,1.0,1.0,1.0,8.0,1.0
-0.053593829270511574,-0.5281270610581298,0.07284033434899412,1.0,1.0,2.0,0.0,0.0,1.0,1.0,8.0,1.0
0.6445781294571179,1.9520235727587372,2.683440848617517,1.0,1.0,2.0,0.0,1.0,1.0,0.0,7.0,1.0
-0.4117908008458517,0.0978172180469274,-0.4376770995524059,1.0,0.0,1.0,0.0,0.0,0.0,2.0,5.0,0.0
-0.46206998008723243,-0.0685132194807375,-0.44927976850471046,0.0,0.0,0.0,0.0,0.0,1.0,2.0,8.0,1.0
-0.11568355397127708,-0.23736381515276098,-0.333253078981665,1.0,1.0,0.0,0.0,0.0,1.0,2.0,5.0,1.0
0.5479003787681542,1.0457117000937903,-0.21722638945861955,1.0,1.0,3.0,0.0,0.0,1.0,0.0,8.0,1.0
-0.20122564751282085,-0.5281270610581298,-0.21722638945861955,1.0,1.0,0.0,0.0,0.0,1.0,1.0,8.0,1.0
-0.4106097462999132,-0.5281270610581298,-0.9017838576445878,1.0,0.0,0.0,0.0,0.0,1.0,2.0,9.0,0.0
-0.01883708120432219,-0.5281270610581298,-0.21722638945861955,1.0,1.0,2.0,0.0,0.0,1.0,2.0,8.0,1.0
-0.36606711771023365,0.25942235905392,-0.24043172736322863,1.0,1.0,0.0,0.0,0.0,1.0,1.0,8.0,1.0
0.07396006169084364,0.805036597307548,1.7088166566239351,1.0,0.0,0.0,0.0,0.0,1.0,1.0,8.0,0.0
0.08391466429232507,-0.5281270610581298,0.08444300330129867,0.0,0.0,0.0,0.0,0.0,1.0,2.0,8.0,1.0
0.28081332930806785,-0.5281270610581298,-0.24043172736322863,1.0,0.0,0.0,0.0,1.0,1.0,2.0,8.0,1.0
-0.15803279554707095,-0.5281270610581298,-0.5653064580277559,1.0,1.0,2.0,0.0,0.0,1.0,2.0,8.0,1.0
-0.3097139436611693,-0.5281270610581298,-0.4144717616477968,1.0,0.0,1.0,0.0,0.0,1.0,2.0,5.0,1.0
-0.5325958086875585,-0.024095432186417902,-0.19402105155401045,1.0,0.0,0.0,1.0,0.0,1.0,1.0,8.0,1.0
-0.42056434890139466,0.4597749315304255,0.0,1.0,1.0,0.0,1.0,0.0,0.0,2.0,8.0,0.0
-0.5347891957014442,0.23327571830619995,-0.14761037574479227,1.0,1.0,0.0,0.0,0.0,1.0,2.0,8.0,1.0
-0.0024710396391747595,-0.5281270610581298,-0.27523973422014225,1.0,1.0,0.0,0.0,0.0,1.0,0.0,8.0,1.0
0.6182574852904891,-0.5281270610581298,0.4209204029181305,1.0,0.0,3.0,0.0,0.0,1.0,0.0,8.0,1.0
0.675116825573527,-0.5281270610581298,1.4651606086255398,1.0,1.0,3.0,0.0,0.0,1.0,0.0,8.0,1.0
-0.49260867620364157,0.13813974835666434,-0.333253078981665,1.0,1.0,0.0,0.0,0.0,1.0,2.0,8.0,1.0
-0.5921547022184558,-0.016219937985297406,-0.4144717616477968,1.0,1.0,2.0,1.0,0.0,1.0,1.0,5.0,1.0
-0.4053793618821857,-0.08709938579538189,-0.4144717616477968,1.0,1.0,2.0,0.0,0.0,1.0,2.0,8.0,1.0
-0.37568427615573263,-0.37565749332443693,-0.1592130446970968,1.0,1.0,2.0,0.0,0.0,1.0,1.0,8.0,1.0
-0.3918815956428888,-0.5281270610581298,-0.9017838576445878,0.0,0.0,0.0,0.0,0.0,0.0,2.0,8.0,0.0
-0.4166837411075968,-0.0685132194807375,-0.6233198027892787,1.0,1.0,0.0,0.0,0.0,1.0,2.0,8.0,1.0
-0.2700642553332348,-0.003304127495459789,-0.460882437457015,1.0,0.0,0.0,1.0,0.0,1.0,0.0,8.0,1.0
-0.6753346866681227,0.038908521422546076,-0.5304984511708423,0.0,0.0,0.0,0.0,0.0,0.0,1.0,8.0,0.0
-0.4409797203383311,-0.5281270610581298,-1.203453250404506,1.0,1.0,2.0,1.0,0.0,0.0,2.0,5.0,0.0
-0.4635884787891534,-0.5281270610581298,-0.9713998713584151,1.0,0.0,0.0,1.0,0.0,1.0,0.0,7.0,0.0
-0.506612608676912,5.772268299838268,-0.5304984511708423,1.0,0.0,0.0,0.0,0.0,1.0,1.0,8.0,1.0
-0.5972163645581922,-0.5281270610581298,-1.1106318987860697,0.0,0.0,0.0,1.0,0.0,1.0,1.0,8.0,1.0
0.3270431786776596,-0.5281270610581298,0.5253444234888714,0.0,0.0,0.0,0.0,1.0,1.0,0.0,8.0,1.0
-0.16123851502890393,-0.5281270610581298,-0.39126642374318776,0.0,0.0,0.0,0.0,0.0,1.0,1.0,8.0,1.0
-0.5627970606479852,0.227920382249438,-0.39126642374318776,1.0,1.0,0.0,1.0,0.0,1.0,2.0,8.0,1.0
-0.5550358450603895,-0.5281270610581298,-0.9597972024061106,0.0,0.0,0.0,1.0,0.0,1.0,0.0,8.0,0.0
0.4719754436721095,-0.5281270610581298,0.03803232749208048,1.0,1.0,1.0,0.0,0.0,0.0,1.0,7.0,0.0
12.73807051363312,-0.5281270610581298,2.451387469571426,1.0,1.0,3.0,0.0,0.0,0.0,0.0,8.0,0.0
-0.2759695280629272,-0.5281270610581298,-1.0062078782153288,0.0,0.0,1.0,1.0,1.0,1.0,1.0,8.0,0.0
0.12710751625807498,-0.5281270610581298,0.13085367911051685,1.0,1.0,0.0,0.0,0.0,1.0,2.0,8.0,1.0
0.10011198377948129,-0.5281270610581298,0.8038084783441806,1.0,1.0,0.0,1.0,0.0,0.0,0.0,8.0,0.0
-0.5482869619407411,0.11230812737698911,-0.44927976850471046,1.0,1.0,0.0,1.0,0.0,1.0,0.0,8.0,1.0
-0.565834058051827,0.49159192810295227,0.3397017202519987,0.0,1.0,0.0,1.0,0.0,0.0,1.0,8.0,0.0
-0.4230951800712628,-0.5281270610581298,-1.0294132161199379,0.0,0.0,0.0,0.0,0.0,1.0,2.0,8.0,1.0
-0.48974040087779097,-0.5281270610581298,0.13085367911051685,0.0,0.0,1.0,0.0,0.0,1.0,2.0,8.0,1.0
-0.6584624788690016,5.772268299838268,1.047464526342576,1.0,1.0,2.0,0.0,1.0,1.0,2.0,8.0,0.0
-0.7554776737139477,0.34542275573015585,-0.42607443060010136,1.0,1.0,0.0,0.0,0.0,1.0,0.0,8.0,1.0
-0.38074593849546895,-0.08174404973861994,-0.12440503784018317,1.0,1.0,0.0,0.0,0.0,1.0,1.0,8.0,1.0
0.055063188955828055,-0.5281270610581298,-0.12440503784018317,1.0,1.0,0.0,0.0,0.0,1.0,0.0,8.0,1.0
-0.4694937515188457,-0.5281270610581298,-0.7973598370738468,0.0,0.0,0.0,1.0,0.0,0.0,2.0,8.0,0.0
-0.6213436217109353,0.013391920210915665,-0.5653064580277559,1.0,1.0,0.0,0.0,0.0,1.0,2.0,8.0,1.0
0.2948172617813383,-0.0029891077274149694,-0.44927976850471046,1.0,1.0,1.0,0.0,0.0,0.0,2.0,8.0,0.0
1.5821667168542755,-0.5281270610581298,-0.6117171338369741,1.0,1.0,0.0,0.0,0.0,1.0,1.0,8.0,1.0
-0.4786047437303711,0.8264579415345957,-0.32165041002936046,1.0,1.0,0.0,0.0,0.0,1.0,0.0,8.0,1.0
-0.1512839124274225,-0.5281270610581298,-0.7857571681215423,0.0,0.0,1.0,1.0,0.0,1.0,0.0,8.0,0.0
0.07294772922289638,-0.5281270610581298,-0.1824183826017059,1.0,1.0,2.0,0.0,0.0,1.0,1.0,8.0,1.0
-0.4357493359206036,-0.5230489421326306,-0.7161411544077151,1.0,1.0,0.0,0.0,0.0,1.0,0.0,8.0,0.0
-0.46999991775281935,-0.5281270610581298,-1.0294132161199379,1.0,0.0,0.0,1.0,0.0,1.0,2.0,5.0,1.0
0.5266413969412617,-0.5281270610581298,0.014826989587471388,0.0,0.0,1.0,0.0,1.0,1.0,1.0,8.0,1.0
0.16827570328793037,-0.5281270610581298,-0.5072931132662332,1.0,0.0,0.0,0.0,0.0,0.0,0.0,8.0,0.0
1.2440476725598892,-0.5281270610581298,2.9735075724251305,1.0,0.0,0.0,0.0,0.0,1.0,1.0,8.0,1.0
-0.5192667645262529,0.20901919616674883,-0.06639169307866044,1.0,1.0,0.0,0.0,0.0,1.0,1.0,8.0,1.0
-0.2957100111878988,-0.5281270610581298,-0.5653064580277559,1.0,0.0,0.0,0.0,0.0,1.0,2.0,8.0,1.0
0.7667329139227544,-0.5281270610581298,0.0,0.0,1.0,0.0,0.0,0.0,1.0,1.0,6.0,1.0
-0.603459081443867,0.05497452959283189,-1.1454399056429831,1.0,0.0,0.0,0.0,0.0,1.0,1.0,8.0,1.0
-0.5550358450603895,-0.17372982200770734,0.0,1.0,1.0,0.0,0.0,0.0,1.0,2.0,8.0,1.0
0.8289913607015111,-0.5281270610581298,0.4441257408227396,1.0,0.0,0.0,0.0,1.0,0.0,2.0,8.0,0.0
0.2765952773582876,-0.5281270610581298,-0.12440503784018317,0.0,1.0,0.0,1.0,1.0,1.0,0.0,8.0,1.0
-0.31089499820710775,1.0671330443208382,0.4441257408227396,1.0,0.0,0.0,0.0,0.0,1.0,1.0,8.0,1.0
0.40465533455361646,0.049304173768025136,0.3629070581566078,1.0,1.0,0.0,0.0,0.0,1.0,0.0,8.0,1.0
-0.13424298255031025,0.09970733665519632,-0.008378348317137704,1.0,0.0,3.0,1.0,0.0,1.0,1.0,8.0,1.0
5.435610256095535,-0.5281270610581298,0.03803232749208048,1.0,0.0,1.0,0.0,0.0,1.0,1.0,8.0,1.0
0.3088211942546088,2.0969326660593546,0.30489371339508503,1.0,1.0,0.0,0.0,0.0,1.0,0.0,7.0,1.0
-0.3436270813374026,-0.14695314172389767,-0.21722638945861955,1.0,1.0,1.0,0.0,1.0,1.0,0.0,8.0,1.0
-0.14352269683982682,-0.5281270610581298,-0.44927976850471046,1.0,1.0,2.0,1.0,0.0,1.0,0.0,8.0,1.0
-0.33131036964404426,-0.09465986022845756,-1.0874265608814606,1.0,1.0,0.0,0.0,0.0,1.0,0.0,8.0,0.0
-0.36488606316429517,0.010556742298512287,0.014826989587471388,1.0,1.0,2.0,0.0,0.0,0.0,0.0,8.0,0.0
-0.46122636969727643,-0.042366578733017454,0.47893374767965324,1.0,0.0,1.0,1.0,1.0,1.0,1.0,8.0,1.0
-0.5388385255732333,-0.13277725216188077,-0.27523973422014225,1.0,1.0,2.0,1.0,0.0,0.0,0.0,8.0,0.0
-0.5980599749481482,-0.06945827878487197,-1.0294132161199379,1.0,1.0,2.0,1.0,0.0,1.0,2.0,7.0,1.0
-0.2623030397456391,0.017802196963543144,0.003224320635166842,1.0,1.0,0.0,0.0,0.0,0.0,0.0,8.0,0.0
-0.5094808840027626,0.24871168694039614,-0.6813331475508014,1.0,1.0,0.0,0.0,0.0,0.0,0.0,5.0,0.0
0.2669781189127886,-0.5281270610581298,-0.7509491612646286,1.0,0.0,0.0,0.0,1.0,1.0,1.0,8.0,1.0
-0.27731930468685684,-0.5281270610581298,-0.6117171338369741,1.0,1.0,2.0,0.0,0.0,1.0,1.0,8.0,1.0
-0.20274414621474177,-0.5281270610581298,-0.3564584168862741,1.0,1.0,0.0,0.0,0.0,1.0,2.0,8.0,1.0
-0.30279633846352966,0.28115872304901257,0.28168837549047593,1.0,1.0,0.0,0.0,0.0,1.0,2.0,8.0,1.0
-0.19380187608120758,-0.5281270610581298,-0.14761037574479227,1.0,0.0,2.0,0.0,0.0,1.0,0.0,8.0,1.0
0.4777119943238106,-0.5281270610581298,0.13085367911051685,1.0,1.0,0.0,0.0,0.0,1.0,1.0,8.0,1.0
-0.5769697151992469,0.7580986518688698,0.13085367911051685,1.0,1.0,0.0,0.0,1.0,1.0,1.0,8.0,1.0
0.3774910799970315,-0.5281270610581298,-0.24043172736322863,1.0,1.0,3.0,0.0,0.0,1.0,2.0,5.0,1.0
-0.4197207385114386,0.1611361914239362,0.04963499644438503,1.0,1.0,0.0,0.0,0.0,1.0,0.0,8.0,1.0
-0.05258149680256431,-0.5281270610581298,-0.19402105155401045,0.0,0.0,1.0,1.0,0.0,1.0,1.0,8.0,1.0
-0.2255216267435552,-0.5281270610581298,-0.588511795932365,1.0,0.0,0.0,0.0,0.0,0.0,1.0,8.0,0.0
0.08391466429232507,-0.5281270610581298,-0.10119969993557408,1.0,0.0,0.0,0.0,0.0,1.0,0.0,8.0,1.0
-0.43119383981484094,-0.003934167031549429,-0.9133865265968923,1.0,1.0,3.0,1.0,0.0,0.0,2.0,5.0,0.0
1.887891122174349,-0.5281270610581298,-0.44927976850471046,1.0,1.0,0.0,0.0,0.0,1.0,1.0,8.0,1.0
-0.8929861672767844,0.3907856023286099,-0.588511795932365,0.0,1.0,2.0,1.0,0.0,1.0,1.0,8.0,1.0
-0.197345039719023,0.24398639041972384,-0.44927976850471046,1.0,1.0,0.0,0.0,0.0,1.0,2.0,8.0,1.0
-0.34632663458526197,0.12679903670705084,0.15405901701512595,1.0,1.0,1.0,0.0,1.0,1.0,1.0,8.0,1.0
-0.4807981307442568,-0.05559740899089989,-0.4144717616477968,1.0,1.0,1.0,1.0,0.0,0.0,0.0,5.0,0.0
-0.13694253579816962,-0.5281270610581298,-0.5653064580277559,1.0,1.0,3.0,0.0,0.0,1.0,1.0,8.0,1.0
-0.506612608676912,-0.5281270610581298,-0.6465251406938878,0.0,0.0,0.0,0.0,1.0,1.0,2.0,8.0,1.0
0.004952731792438507,0.9360848208141931,0.15405901701512595,1.0,0.0,2.0,0.0,0.0,1.0,0.0,8.0,1.0
1.859714535149817,-0.20869701626068235,0.014826989587471388,1.0,1.0,2.0,0.0,1.0,1.0,0.0,8.0,1.0
0.2020201188861725,0.02315753302030508,0.9430405057718351,1.0,1.0,2.0,0.0,0.0,1.0,1.0,7.0,1.0
-0.4436792735861905,0.06158994472177311,-0.19402105155401045,1.0,1.0,2.0,0.0,0.0,0.0,1.0,8.0,0.0
1.8836730702245688,0.18066741704271502,-0.7277438233600196,1.0,1.0,1.0,0.0,1.0,1.0,1.0,8.0,1.0
-0.43119383981484094,-0.023150372882283443,0.0,1.0,1.0,2.0,0.0,0.0,1.0,2.0,8.0,1.0
-0.19447676439317244,-0.5281270610581298,0.061237665396689574,0.0,0.0,0.0,1.0,0.0,1.0,0.0,8.0,1.0
-0.40622297227214177,-0.5281270610581298,-0.4144717616477968,1.0,1.0,3.0,1.0,0.0,1.0,0.0,8.0,1.0
-0.5769697151992469,0.46418520828305293,-0.24043172736322863,1.0,1.0,0.0,0.0,0.0,1.0,1.0,8.0,1.0
0.899348467223846,-0.5281270610581298,0.9894511815810533,1.0,1.0,0.0,0.0,0.0,1.0,1.0,8.0,1.0
0.47754327224581944,-0.5281270610581298,1.1286832090087078,1.0,1.0,2.0,0.0,0.0,1.0,1.0,8.0,1.0
-0.5980599749481482,0.23926109389905154,-0.205623720506315,1.0,1.0,1.0,1.0,0.0,1.0,0.0,8.0,1.0
-0.32996059302011455,-0.5281270610581298,-0.7973598370738468,1.0,0.0,2.0,0.0,0.0,0.0,0.0,8.0,0.0
2.1647640521579254,-0.5281270610581298,4.075761122894062,1.0,1.0,1.0,0.0,0.0,1.0,2.0,8.0,1.0
-0.15516452022122035,0.1280591157792301,0.13085367911051685,1.0,1.0,2.0,0.0,1.0,1.0,1.0,8.0,1.0
-0.5175795437463407,-0.5281270610581298,-0.8553731818353696,1.0,0.0,0.0,0.0,0.0,1.0,2.0,8.0,0.0
-0.47303691515666113,0.34920299294669366,-0.6117171338369741,1.0,0.0,0.0,1.0,0.0,1.0,1.0,8.0,1.0
-0.028622961727812403,-0.17183970339943844,0.43252307187043504,1.0,1.0,1.0,1.0,0.0,1.0,2.0,8.0,1.0
-0.3056646137893802,-0.5281270610581298,-0.44927976850471046,1.0,0.0,0.0,1.0,0.0,1.0,0.0,8.0,0.0
1.9842314287073304,-0.5281270610581298,0.8850271610103124,0.0,0.0,0.0,1.0,1.0,1.0,1.0,8.0,1.0
-0.32152448912055404,0.15137057861454678,-0.34485574793396956,1.0,1.0,0.0,0.0,0.0,0.0,0.0,8.0,0.0
-0.3672481722561721,-0.24051401283320917,-0.5072931132662332,0.0,1.0,1.0,0.0,0.0,1.0,1.0,3.0,1.0
-0.48974040087779097,0.007406544618064087,-0.4840877753616241,1.0,1.0,0.0,1.0,0.0,1.0,0.0,8.0,1.0
-0.14807819294558952,0.3718844162459207,-0.4376770995524059,1.0,1.0,0.0,0.0,0.0,1.0,2.0,0.0,1.0
-0.43996738787038386,-0.5281270610581298,-0.6233198027892787,1.0,1.0,1.0,0.0,1.0,1.0,1.0,8.0,1.0
0.13166301236383768,0.8630002346277948,0.6993844577734396,1.0,0.0,0.0,0.0,0.0,0.0,0.0,8.0,0.0
-0.8195920633506077,0.632090744650942,-0.4144717616477968,0.0,0.0,0.0,0.0,0.0,1.0,0.0,9.0,0.0
-0.39542475928070425,-0.5281270610581298,-0.5653064580277559,0.0,0.0,0.0,0.0,0.0,1.0,1.0,8.0,1.0
-0.10758489422769897,1.2435441144259374,0.687781788821135,1.0,1.0,2.0,0.0,0.0,1.0,1.0,8.0,1.0
-0.2450933877905356,1.1421077491155052,-0.12440503784018317,1.0,1.0,1.0,1.0,0.0,1.0,0.0,8.0,1.0
-0.28491179819646134,-0.06095274504766183,-0.2868424031724468,1.0,1.0,0.0,1.0,0.0,1.0,1.0,7.0,1.0
-0.33620330990578934,0.8630002346277948,1.0938752021517941,1.0,1.0,2.0,0.0,0.0,1.0,0.0,8.0,1.0
2.586569247135952,1.5721097324966844,3.8437077438479714,1.0,1.0,0.0,0.0,0.0,1.0,2.0,8.0,1.0
-0.323886598212431,-0.5281270610581298,-0.6117171338369741,1.0,0.0,0.0,0.0,0.0,1.0,2.0,8.0,0.0
-0.5101557723147275,0.4210275000609126,0.45572840977504414,1.0,1.0,0.0,0.0,1.0,1.0,2.0,8.0,1.0
1.3091743946644965,-0.5281270610581298,-1.2614665951660287,0.0,0.0,1.0,0.0,0.0,1.0,2.0,8.0,1.0
-0.3213557670425628,-0.12269661958444653,-0.5653064580277559,1.0,0.0,0.0,1.0,0.0,1.0,0.0,8.0,0.0
0.09488159936175376,0.10317255410368933,1.175093884817926,1.0,1.0,1.0,0.0,0.0,1.0,1.0,8.0,1.0
-0.37450322160979416,0.11293816691307876,-0.008378348317137704,1.0,1.0,2.0,0.0,0.0,1.0,2.0,8.0,1.0
-0.56903977753366,1.5717947127286396,-0.9133865265968923,1.0,1.0,0.0,0.0,0.0,1.0,1.0,5.0,1.0
0.05270107986395111,0.62673540859418,1.8828566909085034,1.0,0.0,0.0,0.0,0.0,1.0,0.0,8.0,0.0
-0.3436270813374026,0.5517607037995129,0.014826989587471388,1.0,1.0,3.0,0.0,0.0,1.0,0.0,8.0,1.0
-0.5857432632547899,-0.014014799608983665,-0.4144717616477968,0.0,1.0,2.0,0.0,0.0,1.0,1.0,9.0,1.0
-0.4097661359099572,0.038908521422546076,-0.29844507212475135,1.0,1.0,0.0,1.0,0.0,0.0,1.0,8.0,0.0
-0.1382923124220993,0.07513579474770037,0.4209204029181305,1.0,0.0,0.0,0.0,0.0,1.0,1.0,8.0,0.0
-0.35476273848482254,-0.5281270610581298,-0.6233198027892787,0.0,0.0,0.0,1.0,0.0,1.0,0.0,8.0,1.0
-0.558579008698205,0.020637374875946524,-1.203453250404506,1.0,1.0,2.0,1.0,0.0,1.0,1.0,8.0,1.0
-0.506612608676912,-0.5281270610581298,-1.0874265608814606,1.0,0.0,0.0,0.0,0.0,1.0,1.0,8.0,1.0
0.029417433101164046,-0.0795389113623062,-0.5653064580277559,1.0,1.0,3.0,0.0,1.0,1.0,0.0,8.0,1.0
0.4125852722192033,1.7293045967510496,3.8437077438479714,1.0,1.0,2.0,0.0,1.0,1.0,0.0,8.0,1.0
-0.13879847865607292,0.12931919485140939,0.0,1.0,0.0,0.0,0.0,0.0,1.0,1.0,8.0,0.0
2.024218561191247,-0.5281270610581298,2.9154942276636078,1.0,1.0,2.0,0.0,1.0,1.0,0.0,8.0,1.0
-0.29149195923811855,-0.5281270610581298,-0.44927976850471046,1.0,1.0,0.0,0.0,0.0,1.0,1.0,8.0,1.0
-0.03672162147139051,-0.07764879275403729,0.1424563480628214,1.0,1.0,1.0,1.0,0.0,0.0,1.0,8.0,0.0
-0.4764113567164854,-0.11797132306377422,-0.6349224717415832,1.0,0.0,1.0,1.0,0.0,1.0,1.0,8.0,1.0
0.21602405135944297,-0.5281270610581298,-0.21722638945861955,1.0,0.0,0.0,1.0,0.0,1.0,1.0,8.0,1.0
-0.7554776737139477,1.2044816631883797,0.7806031404395715,1.0,1.0,0.0,0.0,0.0,1.0,0.0,8.0,1.0
-0.20611858777456596,-0.5281270610581298,-0.5653064580277559,1.0,1.0,3.0,0.0,0.0,1.0,2.0,8.0,1.0
-0.3230429878224749,-0.5281270610581298,-0.44927976850471046,1.0,0.0,2.0,0.0,0.0,0.0,0.0,8.0,0.0
0.9697055737461807,-0.5281270610581298,0.5485497613934806,1.0,0.0,1.0,0.0,0.0,1.0,1.0,8.0,1.0
2.1364187430554025,-0.5281270610581298,-0.27523973422014225,0.0,0.0,0.0,1.0,1.0,1.0,2.0,8.0,1.0
-0.49817650477735154,0.1151433052893925,-0.2636370652678377,1.0,0.0,0.0,1.0,0.0,1.0,0.0,8.0,1.0
0.10635470066515608,0.7023401529249367,2.0336913872884623,1.0,1.0,0.0,0.0,0.0,1.0,2.0,8.0,1.0
-0.3181500475607298,-0.5281270610581298,-0.4840877753616241,1.0,0.0,2.0,0.0,0.0,1.0,1.0,8.0,1.0
-0.43625550215457726,-0.35927646538610625,-0.9597972024061106,1.0,1.0,0.0,1.0,0.0,1.0,0.0,8.0,0.0
0.1542717708146599,-0.5281270610581298,0.0960456722536032,1.0,1.0,3.0,0.0,0.0,1.0,0.0,5.0,1.0
-0.1509464682714401,0.36810417902938286,-0.10119969993557408,0.0,1.0,1.0,0.0,0.0,1.0,1.0,5.0,1.0
-0.5676900009097303,-0.5281270610581298,-0.5769091269800605,0.0,0.0,0.0,0.0,0.0,0.0,1.0,8.0,0.0
-0.31224477483103746,-0.5281270610581298,-0.6233198027892787,0.0,0.0,1.0,0.0,0.0,1.0,1.0,8.0,1.0
-0.5506490710326181,0.2669828334869957,-0.24043172736322863,1.0,1.0,1.0,1.0,0.0,1.0,2.0,8.0,1.0
-0.4193832943554562,-0.31926895484441414,-0.5421011201231468,0.0,1.0,0.0,1.0,0.0,1.0,1.0,8.0,1.0
-0.4613950917752676,0.08616148662926906,0.07284033434899412,1.0,1.0,0.0,0.0,0.0,1.0,0.0,8.0,1.0
-0.36184906576045334,-0.5281270610581298,-0.7973598370738468,1.0,0.0,0.0,1.0,0.0,1.0,1.0,1.0,1.0
-0.5022258346491406,0.03355318536578414,-0.043186355174051345,1.0,0.0,0.0,0.0,0.0,1.0,0.0,8.0,1.0
-0.08480741369888553,-0.5281270610581298,-0.5304984511708423,0.0,0.0,0.0,0.0,0.0,0.0,1.0,8.0,0.0
-0.45852681644941706,0.10695279132022717,-0.44927976850471046,1.0,1.0,0.0,0.0,0.0,1.0,0.0,8.0,1.0
0.19071573966076139,-0.5281270610581298,0.0,1.0,1.0,2.0,0.0,1.0,0.0,0.0,8.0,0.0
-0.5079623853008417,0.2200448880483175,0.0,1.0,1.0,1.0,1.0,0.0,1.0,0.0,8.0,1.0
-0.36606711771023365,0.4956871850875349,0.10764834120590776,1.0,1.0,1.0,0.0,0.0,1.0,2.0,8.0,1.0
-0.5143738242645077,0.20681405779043507,0.37450972710891234,1.0,1.0,0.0,1.0,0.0,0.0,2.0,8.0,0.0
-0.32219937743251886,0.8157472694210719,-0.19402105155401045,1.0,1.0,0.0,0.0,0.0,0.0,0.0,5.0,0.0
-0.005845481198998972,-0.2030266604358756,-1.4239039604982924,1.0,1.0,1.0,0.0,0.0,1.0,1.0,8.0,1.0
-0.47843602165237986,-0.016219937985297406,-0.7509491612646286,0.0,0.0,0.0,0.0,0.0,1.0,2.0,8.0,1.0
0.7822553450979458,-0.5281270610581298,1.2911205743409715,1.0,1.0,3.0,0.0,1.0,1.0,1.0,8.0,1.0
-0.27259508650310293,0.31266069985349454,0.15405901701512595,1.0,1.0,0.0,0.0,0.0,1.0,1.0,8.0,1.0
-0.22315951765167824,0.19830852405322494,0.3861123960612169,0.0,1.0,0.0,0.0,0.0,1.0,1.0,8.0,1.0
-0.30836416703723957,-0.45189227719128333,-0.47248510640931957,1.0,1.0,2.0,1.0,0.0,1.0,1.0,8.0,1.0
2.358963163925809,-0.5281270610581298,5.236028018124517,0.0,1.0,1.0,0.0,1.0,1.0,1.0,8.0,1.0
0.07092306428700186,0.11892354250593033,0.7225897956780487,1.0,1.0,0.0,0.0,0.0,1.0,0.0,8.0,1.0
0.05017024869408295,-0.5281270610581298,-0.19402105155401045,1.0,0.0,0.0,1.0,1.0,1.0,1.0,8.0,1.0
0.5561677605897236,-0.5281270610581298,1.2679152364363624,1.0,1.0,2.0,0.0,0.0,0.0,2.0,8.0,0.0
-0.1747362812682008,-0.5281270610581298,-0.333253078981665,1.0,1.0,0.0,1.0,0.0,1.0,0.0,8.0,1.0
-0.36606711771023365,-0.5281270610581298,-0.9133865265968923,1.0,0.0,0.0,0.0,0.0,1.0,2.0,8.0,1.0
-0.35476273848482254,0.25942235905392,-0.29844507212475135,1.0,1.0,3.0,0.0,0.0,0.0,0.0,8.0,0.0
-0.5271967021918398,-0.5281270610581298,-1.6211493326874697,0.0,0.0,0.0,0.0,0.0,1.0,2.0,8.0,1.0
-0.3942437047347658,0.12207374018637852,-0.5188957822185377,1.0,1.0,0.0,0.0,0.0,0.0,2.0,8.0,0.0
-0.35189446315897194,0.02315753302030508,0.43252307187043504,1.0,1.0,1.0,0.0,0.0,1.0,2.0,8.0,1.0
-0.0652356526519051,-0.07103337762509607,0.18886702387203957,1.0,1.0,0.0,0.0,0.0,0.0,2.0,8.0,0.0
1.8835043481465776,-0.5281270610581298,1.4651606086255398,1.0,1.0,2.0,0.0,0.0,1.0,2.0,8.0,1.0
0.1050049240412264,-0.016219937985297406,0.4441257408227396,1.0,1.0,2.0,1.0,0.0,1.0,1.0,9.0,0.0
0.15241582795675657,-0.5281270610581298,0.014826989587471388,1.0,1.0,3.0,0.0,0.0,1.0,1.0,8.0,1.0
-0.39542475928070425,-0.3829029479894678,-0.47248510640931957,1.0,1.0,2.0,0.0,0.0,1.0,2.0,3.0,1.0
-0.4075727488960714,0.16806662632092223,-0.14761037574479227,1.0,1.0,0.0,0.0,0.0,0.0,1.0,8.0,0.0
-0.38361421382131955,0.33471208361663196,-0.44927976850471046,1.0,0.0,0.0,0.0,0.0,1.0,2.0,8.0,1.0
-0.6277550606746013,0.17499706121790828,-0.4840877753616241,1.0,1.0,1.0,0.0,0.0,1.0,0.0,8.0,1.0
-0.3915441514869064,0.3907856023286099,0.1424563480628214,1.0,0.0,0.0,0.0,0.0,1.0,2.0,8.0,1.0
0.1750245864075788,-0.5281270610581298,0.6529737819642214,1.0,1.0,2.0,0.0,0.0,1.0,1.0,8.0,1.0
-0.618644068463076,10.13119683027444,-0.6813331475508014,1.0,0.0,0.0,0.0,0.0,1.0,2.0,8.0,0.0
-0.3942437047347658,-0.5281270610581298,-1.3078772709752469,0.0,1.0,0.0,0.0,0.0,1.0,1.0,8.0,1.0
-0.6112202970314626,-0.5281270610581298,-1.0178105471676333,1.0,1.0,1.0,0.0,0.0,1.0,0.0,8.0,0.0
-0.4581893722934346,0.07576583428379001,-0.031583686221746794,1.0,1.0,1.0,0.0,0.0,0.0,0.0,8.0,0.0
-0.20578114361858355,0.41693224307633,0.27008570653817143,1.0,1.0,1.0,0.0,0.0,1.0,0.0,3.0,1.0
-0.5408631905091278,-0.04866697409391385,-0.5188957822185377,1.0,1.0,0.0,0.0,0.0,1.0,2.0,8.0,1.0
-0.5631345048039677,-0.5281270610581298,-0.9133865265968923,0.0,0.0,0.0,1.0,0.0,1.0,1.0,8.0,1.0
-0.1269879331966882,-0.5281270610581298,-0.6349224717415832,1.0,0.0,0.0,0.0,0.0,1.0,1.0,8.0,1.0
-0.46848141905089846,-0.5281270610581298,-0.49569044431392867,1.0,1.0,2.0,0.0,1.0,0.0,1.0,8.0,0.0
-0.4222515696813068,0.5479804665829751,-1.075823891929156,1.0,1.0,0.0,0.0,0.0,1.0,1.0,5.0,1.0
0.08391466429232507,-0.5281270610581298,0.6529737819642214,1.0,1.0,2.0,0.0,1.0,1.0,1.0,6.0,1.0
0.6503146801088191,-0.5281270610581298,1.662405980814717,1.0,0.0,3.0,0.0,1.0,1.0,1.0,8.0,1.0
-0.27731930468685684,0.5114381734897759,-0.07799436203096498,1.0,1.0,0.0,0.0,0.0,1.0,0.0,5.0,1.0
1.7913820935633766,-0.5281270610581298,1.2911205743409715,1.0,1.0,0.0,0.0,1.0,1.0,2.0,8.0,1.0
-0.2817060787146283,-0.5281270610581298,-0.44927976850471046,1.0,0.0,0.0,1.0,0.0,1.0,0.0,8.0,0.0
0.14853522016295873,-0.21310729301330983,0.4441257408227396,1.0,1.0,2.0,1.0,1.0,1.0,0.0,8.0,1.0
-0.4244449566951925,-0.5281270610581298,-0.7045384854554105,1.0,0.0,0.0,0.0,0.0,0.0,1.0,8.0,0.0
0.7525602593714927,-0.5281270610581298,0.3629070581566078,1.0,1.0,0.0,0.0,1.0,1.0,0.0,8.0,1.0
0.04679580713425874,-0.5281270610581298,0.5021390855842623,1.0,1.0,2.0,0.0,0.0,1.0,2.0,8.0,1.0
-0.8582294192105949,12.59780161406538,2.3353607800483807,0.0,0.0,3.0,0.0,0.0,1.0,2.0,5.0,0.0
-0.4401361099483751,0.3514081313230074,0.07284033434899412,1.0,1.0,0.0,1.0,0.0,1.0,0.0,8.0,1.0
0.03380420712893552,-0.5281270610581298,-0.24043172736322863,1.0,1.0,3.0,0.0,0.0,1.0,2.0,8.0,1.0
-0.3081954449592484,0.8267729613026406,0.27008570653817143,1.0,0.0,0.0,0.0,0.0,1.0,0.0,8.0,1.0
1.0962471322395888,-0.5281270610581298,4.029350447084844,0.0,1.0,1.0,0.0,0.0,1.0,1.0,8.0,1.0
-0.5234848164760331,0.6689480575121858,0.0,1.0,1.0,0.0,1.0,0.0,1.0,2.0,5.0,1.0
-0.35476273848482254,0.25942235905392,0.28168837549047593,1.0,1.0,1.0,0.0,0.0,1.0,1.0,8.0,1.0
-0.25572287870398186,-0.08363416834688886,0.0960456722536032,1.0,1.0,2.0,1.0,0.0,1.0,0.0,8.0,1.0
-0.3831080475873459,0.08616148662926906,-0.47248510640931957,1.0,1.0,0.0,0.0,0.0,1.0,0.0,8.0,1.0
-0.4391237774804278,-0.5281270610581298,-0.9017838576445878,0.0,0.0,0.0,0.0,0.0,1.0,0.0,8.0,0.0
-0.23564495142302783,-0.5281270610581298,-1.2614665951660287,1.0,1.0,3.0,0.0,0.0,1.0,0.0,5.0,1.0
0.4335068098901135,-0.452522316727373,1.2099018916748396,1.0,1.0,1.0,0.0,0.0,1.0,2.0,8.0,1.0
0.35100171375241146,-0.5281270610581298,0.4441257408227396,1.0,1.0,2.0,0.0,0.0,1.0,2.0,8.0,1.0
-0.15516452022122035,-0.5281270610581298,-0.1824183826017059,0.0,0.0,0.0,0.0,1.0,0.0,1.0,8.0,0.0
